v_norm,a_0,w_s_eff,t_0,alpha_gain,beta_val
0.49305534,1.1650438,0.39027032,0.26885092,0.7014371,-0.86494803
1.2495358,1.4614251,0.7358106,0.47530264,0.6740398,0.39382806
0.27026105,1.7266874,1.0219867,0.15492313,0.90006,0.33043668
1.3643742,1.2669091,1.0941882,0.23403612,0.5907578,-0.19016667
0.9807139,0.98137194,0.49902728,0.3679209,0.5142237,-0.49808794
1.6293337,1.1675962,0.70348084,0.20771375,0.5123231,0.72823095
0.2998232,0.95626444,0.6153021,0.32546553,0.67280555,0.930066
0.2617399,1.3675183,0.88461864,0.17069016,0.52615285,-0.2095185
0.3807027,1.6166601,0.4877191,0.40484586,0.93120116,0.05150815
1.3437114,1.3511662,0.38358343,0.30668342,0.90493464,0.92509025
0.59036213,1.2459916,0.54890156,0.46229082,0.57256645,-0.17924765
0.17086063,1.1270698,1.0784965,0.36199096,0.76070434,0.29569876
1.0447246,1.0220242,0.4465905,0.40361497,0.5901149,-0.39622065
0.6448192,1.3667464,0.99362034,0.442669,0.6692797,0.3865586
0.15093866,0.8362478,0.96551824,0.267895,0.9889283,-0.12656994
0.71714175,1.3434571,0.91439486,0.3648502,0.57744235,0.5022348
0.41542804,1.6250869,0.46727413,0.3148056,0.9476815,-0.9031286
0.32351068,0.96717834,0.57470554,0.11811803,0.6277012,-0.22171041
1.4883859,1.0018432,0.30945548,0.23579808,0.76044947,0.13987643
0.60357994,1.1871291,0.41857615,0.44067374,0.66717947,0.6587478
0.42493987,1.7556307,0.9913652,0.16068026,0.95512563,-0.32859647
0.3182985,1.2657713,1.0080695,0.31866422,0.6985745,-0.09051052
1.6674726,0.9916285,0.72781974,0.2565585,0.6592015,-0.33932024
1.5936078,0.87943625,0.62400764,0.42220244,0.5701431,-0.9982866
1.7567109,1.2395499,0.4145982,0.13000047,0.647199,0.70059353
0.24147983,1.6429393,0.3898217,0.12101949,0.68618864,0.7587107
1.1658669,1.1531813,1.1275553,0.42954966,0.5502641,0.5583737
0.47242942,0.91249675,0.58848137,0.1972184,0.6330132,0.5762381
0.46786606,1.2637489,0.5997178,0.2322454,0.7234644,0.4007302
0.12632829,1.5996518,0.39937168,0.13995819,0.6451607,-0.35994208
1.5451515,1.2347574,0.41070455,0.3425035,0.8907817,-0.9425954
0.44258553,1.1781758,0.8412703,0.24907617,0.989888,0.47353718
0.27405778,1.2744228,0.52234536,0.49878055,0.9592732,-0.65539664
1.3697917,0.8030915,1.1006802,0.49720886,0.8605083,0.49416476
0.2757457,1.298209,1.1820304,0.37399656,0.51032627,-0.2940096
0.20272346,1.6203792,0.9064213,0.15469165,0.54972064,-0.20066851
1.7140654,0.92616546,0.49727166,0.42712757,0.5991252,-0.06095563
0.17862962,1.3843659,1.0540655,0.21069495,0.5933315,-0.11753104
0.6774295,1.1360053,1.1793319,0.4790263,0.95264685,0.12810013
0.73897153,0.8065693,0.6180121,0.18626648,0.55261135,0.33656165
0.67589206,0.8786629,0.84176946,0.35769367,0.58375275,-0.5679691
0.2167135,1.2601829,0.7225151,0.32579184,0.63501495,-0.49993947
1.4294751,1.0087441,0.7487175,0.32404053,0.95065624,0.006628426
1.9040058,1.7571986,0.98757493,0.12986398,0.60472524,0.14749531
1.1534461,0.8873022,0.46932742,0.31187505,0.7093815,0.32177636
0.6811791,1.584702,1.132686,0.35069305,0.94692653,0.53261703
0.23912868,1.693669,0.9963,0.45712414,0.5152762,-0.2433313
0.8441899,1.1953601,0.745672,0.25639984,0.97369623,0.049782034
1.2409389,1.0458786,0.9873508,0.45234174,0.7294097,0.35694447
0.8077393,1.7468287,1.0281022,0.27713898,0.8697577,-0.4294864
1.7138045,0.93416476,0.40301704,0.3255872,0.9187852,-0.60429615
0.4691029,1.1893338,0.32807988,0.34804073,0.5737323,-0.8784272
0.6255108,1.1700535,0.38585743,0.22742322,0.5430978,-0.070467636
1.8268532,1.6810035,0.3502655,0.30695876,0.7179619,0.7656717
0.93130994,1.3618333,0.6515624,0.41058862,0.6958293,-0.62356275
1.2507955,1.1003203,0.83240896,0.19781275,0.6288875,-0.35319746
0.48893633,0.80011004,0.74755603,0.19255808,0.9294012,-0.05113626
0.6611965,1.2307063,0.53507525,0.49564204,0.55057615,-0.22145557
0.40862268,1.5355687,0.7248946,0.11500093,0.59228903,0.03138087
0.44491932,1.059356,0.33313885,0.27573347,0.8836645,0.29389518
1.583732,1.4446589,0.37660277,0.2935369,0.5035362,-0.82078695
1.863314,1.1632018,0.89484817,0.13555796,0.5929739,0.30612612
0.25534764,1.0506134,0.40877116,0.47305217,0.51682067,0.89319825
0.19740488,1.5737524,0.90067816,0.21372816,0.71072155,-0.40873063
1.0229945,1.6370988,0.32539263,0.28003195,0.78615826,0.02373501
0.95526624,1.3165097,0.3056431,0.12688498,0.5256666,0.41988108
1.4773045,1.372903,1.1586146,0.12956038,0.5391355,-0.6253672
0.47036844,1.0687809,0.35221544,0.21669197,0.6819515,-0.022953143
0.36229345,1.0433034,0.4685919,0.2085204,0.8394711,-0.2495188
0.4229628,1.5588378,1.1967344,0.13859713,0.6403547,0.9521058
0.7681573,1.2945561,0.9467488,0.38300538,0.60161865,0.6801749
1.0731208,1.5818269,0.92169213,0.39859667,0.7736197,-0.0831207
0.22291847,1.333333,0.64178884,0.113804504,0.99919105,-0.95565444
0.40303573,1.1038045,1.1869601,0.3544062,0.98421603,-0.61200416
0.35405275,0.8583847,1.0626187,0.19720869,0.6197821,0.30874828
1.6392412,1.6344285,0.51446545,0.34628525,0.9076197,0.54774034
0.52583444,1.3066179,0.40941632,0.4472857,0.6264038,0.5543547
0.28068623,1.1223558,0.6999282,0.29205906,0.53829706,-0.25189573
1.2055697,1.1878484,0.72549176,0.3369467,0.8339286,0.12419029
0.9747817,1.7515752,0.8939998,0.327798,0.6079836,0.22217174
1.956587,0.94957644,0.60276484,0.3893169,0.5871777,0.48188287
0.53070414,0.9111066,0.35545135,0.17380506,0.865151,0.11589108
0.2709297,1.5981946,0.9940469,0.23851927,0.9138224,-0.5293909
0.47480896,1.4404191,0.5924974,0.19389822,0.6523398,0.7156791
0.8275811,1.2006198,0.8814794,0.21062419,0.95646197,-0.20380759
1.4676988,1.1493578,0.4693007,0.44770223,0.62056893,0.5424863
0.80595106,0.864294,0.37120146,0.4699034,0.5846759,-0.30248156
1.0369238,1.0944442,0.9557682,0.31479552,0.9655708,0.1840247
1.2010624,1.3573043,1.1754646,0.38534063,0.5247376,0.16910279
0.8103096,1.2619221,0.4390158,0.23957437,0.5963682,-0.5589476
0.866363,1.3987031,0.5878218,0.27732038,0.94759125,0.23872943
1.4255841,0.8055619,0.54267484,0.17879894,0.60220474,0.071528114
0.9651941,1.2491145,0.6185087,0.47981808,0.5934143,-0.62747073
0.48642516,1.641035,0.35454872,0.1740538,0.5021062,0.83534074
0.34488693,1.0899379,0.589975,0.38836718,0.50037813,0.93767744
0.18305047,1.7569337,0.4385431,0.100512125,0.50152254,-0.17754874
0.2992709,1.2541646,0.6970724,0.39833236,0.9984493,-0.43389997
1.9751639,1.227519,0.91783595,0.32330778,0.81195706,0.19915254
0.7032507,1.0653067,0.9571117,0.43820745,0.8406166,-0.16399513
0.9533056,1.022432,0.38231897,0.34180212,0.95244294,-0.5322584
0.15154268,0.8444388,0.51684743,0.45784914,0.76763564,-0.244691
0.36952654,1.2371324,0.9078627,0.2838849,0.91624916,-0.19925036
1.4666319,1.6455737,1.1737424,0.43584093,0.9044494,0.34919927
0.2926059,1.5355785,0.61194944,0.25436178,0.58674634,-0.5077761
0.53228986,1.5939916,0.48066476,0.16180229,0.5832372,0.39827383
1.3171685,1.0108197,1.092377,0.25210324,0.5369271,-0.79912287
0.5246842,0.93631774,1.1563754,0.14950591,0.5773563,0.49893224
1.0625648,1.7013391,0.47248045,0.29589146,0.68853474,-0.6784666
1.2141428,1.0874705,0.72902936,0.34735495,0.99500144,0.95376575
1.0352242,0.801877,0.4636968,0.17030084,0.8589085,0.24105465
0.32783636,1.0471094,0.6500012,0.29596677,0.9286112,-0.76971096
0.3803026,1.2301431,0.4527373,0.3782955,0.9208952,-0.059462927
0.3440599,0.81738174,1.150415,0.3389266,0.72164786,0.18710706
0.42406687,0.9911364,0.92764,0.13789047,0.60460895,0.20589723
1.1572127,0.98688185,0.49422893,0.44301376,0.8794878,-0.16125968
0.30361328,0.997391,0.5162,0.2615899,0.6299694,-0.4145832
0.90344805,1.0950462,1.0538754,0.28501856,0.73767835,-0.58842134
0.5205764,0.83770317,0.6884743,0.31807566,0.70569927,-0.5203806
0.93800163,1.1255414,0.5813501,0.12952186,0.7639885,-0.019536989
0.57295424,1.1344773,1.0917255,0.1118134,0.6928106,-0.24975146
0.15988016,1.4273498,1.0467378,0.42839733,0.79041326,0.20154789
0.29260004,1.1393378,0.9895806,0.13093829,0.9954895,0.6473664
0.13521917,1.1079222,0.30713105,0.39740285,0.77347076,0.27758932
0.6159798,1.320096,1.1236714,0.42942798,0.5855999,-0.97031415
0.82135046,0.80838245,1.0708807,0.22847904,0.8687196,0.9847452
0.111326784,1.025305,0.699768,0.438412,0.5115454,0.2718534
1.1481934,1.738484,1.1125605,0.20067132,0.6572127,0.46681148
1.1005993,0.81608105,0.50811356,0.16069254,0.572926,-0.16167481
1.9635592,0.84656507,0.7702998,0.45564687,0.68054986,-0.9222519
0.9740811,0.9935477,1.0062835,0.44502762,0.9606015,-0.24547964
1.1998748,1.5595407,0.44112754,0.31674516,0.6487467,0.10105993
0.42913625,1.3108023,0.45197952,0.2630249,0.57888395,-0.023465382
1.4040515,1.2916616,0.7403919,0.33988085,0.9486271,-0.8295406
0.5096357,0.9747281,1.1602206,0.15854745,0.7172945,-0.13367803
0.51086986,1.0187901,0.40418312,0.3427173,0.8943048,-0.12807293
1.1621171,0.86470264,0.43866104,0.4891734,0.5333578,0.11594022
1.0565321,1.019457,0.7435212,0.33531564,0.73081684,-0.41746092
0.843259,1.7947217,0.390568,0.4848483,0.7292438,0.1551718
0.27150398,1.320247,1.1984432,0.4348171,0.6744038,0.059466388
0.66551125,1.5433923,0.8255294,0.32023075,0.6967454,-0.34081796
1.0343034,1.0523245,0.41400695,0.34642836,0.9402429,-0.030335959
0.55285317,0.8302755,0.59667516,0.36017525,0.7414754,-0.84519005
1.0413969,1.0494515,0.92108643,0.36587203,0.7355029,-0.20778808
0.49765024,0.8346639,0.7826213,0.43521914,0.5156723,-0.49835473
1.1189544,0.8199064,0.60207933,0.10571954,0.98046696,-0.57546556
0.85673577,1.1359366,0.33768308,0.40453252,0.75586313,-0.40244615
0.6686589,1.0618798,0.54847497,0.342077,0.7800826,0.14106286
1.2065628,1.1846677,0.91085815,0.23552571,0.5800966,0.20781511
0.9770018,1.16008,0.64576846,0.33310145,0.5572178,-0.16717164
0.5367979,1.4878924,0.5507561,0.18338881,0.7775259,-0.8277263
1.0515339,1.1459485,0.57034504,0.30771804,0.8060656,0.03316368
0.78161263,1.189135,1.1593692,0.46103197,0.6984274,-0.31993806
1.2111921,1.0756946,0.8467542,0.28466946,0.8094972,-0.13948643
0.7209832,1.6536902,0.57726204,0.22992031,0.74998134,0.18451683
1.4911429,1.080056,0.3813909,0.15923227,0.5952707,0.48353148
1.0402513,1.2734212,1.098943,0.24964498,0.7446255,-0.2277246
1.0521449,0.8107337,0.50861317,0.10771914,0.7374028,-0.033796504
0.5696917,1.2622207,0.3510021,0.4659247,0.8782518,0.6473067
1.331316,1.4714196,0.4436126,0.36757803,0.96922517,-0.33394688
0.45474982,1.4399939,0.7833177,0.10149423,0.58200127,0.09716589
1.6019299,1.6233876,0.48869827,0.26804763,0.8501004,0.90460235
0.99001473,1.1002227,0.5278897,0.3179493,0.5161049,-0.088374436
0.5805145,1.315612,0.6611638,0.18767534,0.75008833,0.91630447
0.8985953,1.1380566,0.32540023,0.10572368,0.96933997,-0.55179554
0.4943163,0.8774324,1.0353403,0.28122163,0.66761005,-0.67833054
1.0680416,0.86383486,0.63208044,0.26787212,0.9345013,-0.98298943
0.45584676,0.8769613,1.149909,0.30993193,0.67572904,-0.56273276
1.6626678,1.37632,0.45186785,0.3606255,0.5564003,0.73330784
0.8357949,0.88331056,0.72503465,0.3563001,0.5576054,0.35524017
1.3134584,0.849411,0.5454471,0.18507114,0.64845884,0.2956974
0.14961386,1.0473427,0.49945047,0.249841,0.93138945,-0.26964217
0.23529212,0.8726423,0.5332696,0.31406045,0.82083565,-0.7887023
0.9818697,0.8548312,0.3841612,0.24951096,0.58328307,0.19427174
1.6453012,0.9499226,0.8146081,0.115945086,0.7633607,-0.50546336
0.9796733,0.8611083,1.0084947,0.33352882,0.57126474,-0.60080457
0.48495132,0.97069126,0.5655179,0.42999098,0.61749876,-0.92481756
0.26060164,1.0840285,0.931404,0.14556676,0.5896253,0.23966153
1.087775,0.9637949,1.1444281,0.35339946,0.96432495,-0.52971894
0.40678,0.8520219,0.5497804,0.28224385,0.5136782,0.06649522
1.3358678,1.0616932,0.41320616,0.4115989,0.7069944,-0.105284594
0.54008543,1.6828034,0.6517802,0.34690958,0.5899646,0.34547827
0.526312,0.9799552,0.6100306,0.17048807,0.807214,0.25544512
0.3364843,0.99986744,0.9216206,0.46904236,0.9232458,0.88009655
0.85511047,1.5074276,0.42021257,0.20399752,0.6194146,0.8066482
1.0732305,1.0338714,0.56879765,0.21121804,0.97183543,-0.899025
0.7425267,1.3405498,0.6380548,0.43098956,0.54366773,0.6316658
0.2002496,1.1723497,0.82237107,0.32988718,0.5914518,-0.4917405
0.71461815,1.4508471,0.4689291,0.49155757,0.9543296,-0.23949292
1.4470952,1.4998552,1.1220863,0.37918106,0.87948024,-0.41382542
1.3690829,0.97660327,1.1415384,0.3026533,0.62437123,-0.11687611
0.3895034,0.90432346,1.0650992,0.24292819,0.5696608,-0.8270687
1.0745761,1.3012184,0.98292494,0.47450045,0.7073506,-0.58112
1.4094719,0.95993567,0.4403804,0.23877935,0.68394154,0.8028668
0.73726046,1.5248922,0.5522755,0.3504245,0.86409485,-0.9179374
0.28783754,1.0562408,0.51015955,0.26655585,0.7708809,0.28974593
1.0889236,1.5170522,0.71235174,0.15972029,0.6290787,0.37751573
0.112092435,1.6894268,0.6028337,0.3581309,0.5688139,-0.42481893
0.20286956,1.3775594,0.4049083,0.21405122,0.54906446,0.9567649
1.4678013,1.2104009,1.0894625,0.124348275,0.8376318,-0.3412581
1.7745614,0.8128046,1.0431479,0.40013877,0.561669,0.18084462
0.66625404,1.6461165,1.0144372,0.28379816,0.5028364,-0.24911281
1.0669043,0.82666045,0.51116985,0.33800572,0.63551587,0.9744645
0.26926926,1.3410189,0.30361187,0.2878042,0.7340635,-0.9634983
0.4554415,1.4867342,0.4293424,0.10423652,0.65172356,-0.94772977
0.41075394,1.5565621,0.81947285,0.29399544,0.65692985,0.75288063
0.18570481,1.2189131,0.92914575,0.1184036,0.8080242,0.19449365
0.12724933,1.6916031,0.37370124,0.22427161,0.5829261,-0.20328364
1.143286,1.158134,1.1306386,0.33384153,0.54174215,-0.21290538
0.3057844,1.1484454,0.84028906,0.23009698,0.56500256,-0.3526112
1.7910337,1.208649,0.47801897,0.27337515,0.8937457,-0.5666444
1.7681897,0.9109326,1.1546631,0.41868246,0.6132035,-0.033574674
0.29595768,1.0248132,0.9698325,0.3650656,0.81041646,-0.02653032
0.3810447,1.7772695,0.60671407,0.1886321,0.53549683,0.5797222
0.9923862,0.8188283,0.45095277,0.373732,0.51394916,-0.03213064
1.3662382,1.031893,0.60634065,0.2752555,0.7143731,0.7340819
0.2262883,1.2033787,0.38600153,0.16284354,0.90044105,-0.47219992
1.304264,0.91957086,0.5045197,0.27323717,0.92381465,0.20825398
1.0712286,0.8625603,1.1071662,0.33216372,0.8289896,0.6490935
1.1337326,1.1071142,0.3717582,0.46202192,0.54430395,-0.2721846
0.5095728,1.2865885,1.1788836,0.14531001,0.5948276,0.078969225
1.2581502,1.0462137,0.81121075,0.3468763,0.91602886,-0.33235416
0.33004686,1.2879456,0.6452705,0.21311086,0.7124761,0.43317187
0.98092234,1.191357,0.68006456,0.3936617,0.7936299,0.005301308
0.12523627,1.3700721,0.32043806,0.26767185,0.5637557,0.1034242
1.2159606,0.9315909,0.39499092,0.39298755,0.62387264,0.55830383
0.25741988,0.8269769,0.6257222,0.43201518,0.53718984,-0.41691566
0.43709573,1.3003092,0.6024946,0.36785397,0.7182438,-0.14623441
1.1434355,1.0868844,0.41217077,0.20077808,0.7331672,-0.40355536
0.2660573,1.0394467,0.78282094,0.48822227,0.86983335,-0.3814269
0.2450013,0.8679013,1.1413789,0.3221857,0.6411866,-0.7438629
1.1231145,0.9163405,0.35610685,0.44699705,0.8502257,-0.48672062
0.2541294,1.7523551,0.9232658,0.25490114,0.8080258,0.47526133
1.0595433,1.2618749,0.72337526,0.342819,0.9600804,0.28463602
0.3730121,1.0007546,0.9467792,0.4457538,0.57610494,0.23566636
0.9013687,0.91541237,1.1822512,0.3476812,0.5486795,0.8360724
0.41151,1.0831465,1.0912257,0.3629945,0.80648625,0.122421265
0.265804,1.1231737,0.8256146,0.2318007,0.9696448,-0.8042208
0.43158412,1.04958,0.48531312,0.27421954,0.64077604,-0.27335724
1.1297271,0.82279956,0.6207482,0.3856215,0.98748624,0.49949822
0.102303654,1.2634866,0.62838924,0.10531625,0.7536396,0.98485386
1.2567394,1.3565822,1.1745508,0.49933785,0.9935325,0.31845385
0.44917688,1.4808617,0.38463286,0.23037907,0.94544566,0.62566084
1.342057,0.99363154,0.3716377,0.17607675,0.8996585,-0.005341486
1.0909182,1.148994,0.55797035,0.25154263,0.5428129,0.8132841
0.4325433,1.6982011,0.36558938,0.30572703,0.8426318,-0.17698166
0.1809974,1.4548869,0.34824294,0.17195368,0.90788734,-0.11247052
0.41828257,1.7637544,0.3461867,0.2646421,0.86661667,0.3224172
1.1048751,1.7677981,0.5829139,0.42433175,0.511011,0.22229809
0.2673683,0.88005596,0.6474272,0.49078384,0.8072923,-0.96224064
1.1082959,0.82252187,1.0719125,0.14756629,0.5745415,-0.050341103
1.9291797,1.0093874,1.0779659,0.22899653,0.79331374,0.86006325
0.60307086,0.8069741,0.4017781,0.41324404,0.62814564,0.38463467
0.77777374,1.54984,0.3743112,0.32870626,0.87869877,0.129588
0.5856263,0.8265261,0.31553113,0.36275917,0.8688767,-0.61837554
0.673272,0.837339,1.1394169,0.14667198,0.99567103,-0.16919084
1.8408382,1.0977968,0.4304835,0.45939612,0.92832243,-0.22519939
1.8346381,1.1694245,0.7062431,0.27306908,0.89891565,0.5092785
0.8488985,1.2970093,0.435756,0.12372573,0.7363016,-0.47334036
1.1653991,0.8157011,0.693399,0.28514847,0.94785357,-0.9354277
1.9572498,1.312558,1.0225157,0.36449587,0.6832449,-0.9834281
0.5051354,1.2575654,0.68110645,0.199847,0.500069,0.22478572
0.47300655,0.91291016,0.75136673,0.38418922,0.6067028,-0.37999934
0.1639186,1.2574944,0.5026498,0.14048102,0.7966033,-0.90464246
0.32836524,0.82114094,0.40697712,0.38658503,0.559251,-0.3723875
0.95496213,0.9086016,0.35187414,0.1944061,0.6085606,0.9033495
0.21721879,1.4339194,0.44283462,0.2694672,0.7766437,0.5448994
0.6453247,1.122316,0.58843654,0.42784137,0.5113536,0.7490189
0.13983929,0.9921863,1.1301234,0.16095473,0.8926563,0.24687733
0.61794114,1.1680261,0.52235085,0.4840994,0.77852315,-0.6164007
0.50127125,1.7523406,0.573135,0.19582884,0.93413556,-0.26143464
1.0159763,1.2231102,1.137419,0.20823139,0.9099084,-0.38621312
1.8950338,0.8221299,0.99671817,0.26924577,0.78542656,-0.5111311
0.48826545,1.6463612,0.3922584,0.33360687,0.57396865,-0.38273263
1.0665437,1.3393985,0.67265624,0.11998463,0.7221673,0.70697236
0.73692495,1.0056783,0.48990524,0.2267877,0.66808766,-0.37164295
1.9011567,1.7245623,1.020711,0.4862259,0.69547045,-0.5596758
0.91713285,1.0799134,1.0831168,0.45451346,0.98224074,-0.1070933
1.2752273,1.2173319,0.38579786,0.10423921,0.9965532,0.18921858
1.3236641,1.392801,0.6150679,0.26372018,0.60889447,0.27586007
1.2295296,0.931183,0.423575,0.3078822,0.8957685,-0.19637872
0.5076361,1.0392258,0.6423448,0.35313785,0.9751294,-0.99577934
0.37532532,1.2519106,0.42349705,0.4058335,0.5652924,0.005847871
1.0055062,0.9605505,0.9832115,0.32796195,0.76062566,0.0708332
0.33647394,0.87456316,0.59855735,0.3772967,0.8023889,0.10127865
0.21052088,1.7491817,0.90193367,0.37259233,0.9812268,-0.08152243
0.30053505,1.0241129,0.5243022,0.30720228,0.9653041,-0.06243329
0.5616624,0.80553776,0.3554353,0.47259617,0.5952193,-0.2911635
0.6521862,0.8973483,1.1612957,0.27231467,0.9458942,0.6157151
0.90834004,0.8389941,1.1424537,0.2720388,0.54438895,0.3986704
0.9714033,1.1649396,0.7682199,0.23020224,0.80537105,-0.89077675
0.18955646,0.99305516,0.45085138,0.4591251,0.6230532,-0.38900012
0.6080939,0.9776722,0.7003166,0.15772328,0.9513679,0.991965
1.0395253,1.0117074,0.4994514,0.3882825,0.58117646,-0.4066076
0.6466712,0.9189137,0.59060556,0.11641377,0.5047271,0.5544456
1.0582951,0.82529867,0.6673851,0.16730885,0.6990901,0.4888086
1.0371006,0.82260877,0.63785213,0.23197317,0.52424943,0.38541672
0.2162074,1.4213761,0.85424334,0.27241343,0.65459645,-0.22200161
0.62504995,1.1162057,0.40460867,0.11374882,0.78186613,-0.24889317
0.46967047,1.2378078,0.6661334,0.1556144,0.6894394,0.33862323
0.20149112,1.3025184,0.5477327,0.47365296,0.92763454,-0.3485031
0.18496755,1.059132,0.39558226,0.18605728,0.96866333,0.07553139
1.3847375,0.8812069,0.56052697,0.24933288,0.6036833,0.23731795
0.64311993,1.618771,0.72878426,0.16040516,0.7050094,-0.9964091
0.3939391,0.91220033,0.6825183,0.23091511,0.92742527,-0.11406411
0.16494435,1.1695639,0.43294019,0.4035415,0.5067718,-0.2787943
0.69410014,1.6040398,0.806977,0.2024787,0.8473953,0.5369342
0.42139202,0.9971762,0.38037837,0.15788339,0.8725575,-0.32854962
0.33354995,1.1748308,0.36713082,0.41417032,0.8193353,0.65047807
0.16510025,1.5106287,0.9810472,0.14900945,0.9754058,0.4873073
1.2794573,1.3499477,0.41127843,0.29808322,0.5585956,-0.5949461
0.32052484,1.469979,0.4311767,0.25557345,0.6699974,0.17064908
0.38713953,0.86150914,0.98965645,0.34350425,0.6725311,0.33904812
0.4619305,1.0886762,0.57392454,0.26573306,0.78716755,0.9619457
0.14574367,1.3111024,0.36337304,0.32588196,0.78383887,0.95234776
0.2297707,1.1627015,0.66998726,0.34080553,0.7562769,-0.6723437
0.12084095,0.87465996,0.50237894,0.15454185,0.7993157,0.53290474
0.63420486,1.5972363,0.90182775,0.22643627,0.9050105,-0.8969517
0.3788243,0.82241684,1.1432836,0.4046918,0.6129621,-0.73854965
1.2347583,1.1331829,1.117955,0.4685543,0.5919876,0.1474021
0.6506507,1.302382,0.9642768,0.47705597,0.8769064,-0.85673827
0.25001466,1.3480422,0.3061407,0.4384291,0.76654214,-0.15009244
0.77095574,0.93312156,0.52884424,0.2812517,0.902686,0.33722088
0.80126065,1.3837264,0.66247034,0.3006374,0.8538348,0.67906725
0.40111315,1.3321071,0.53857744,0.280647,0.5830665,-0.31755367
0.43336445,1.6946661,1.0639058,0.20932645,0.79966986,0.61141145
0.35769275,1.0154474,0.3350794,0.16941576,0.6519054,0.22786865
0.41689798,1.5452464,0.43208075,0.38079005,0.779759,-0.3817648
1.9209183,1.2861283,1.1511178,0.40511268,0.61823463,0.54949695
1.2183498,1.0010271,1.1706756,0.13734303,0.6007609,0.63882774
0.7220912,1.2193869,0.89063007,0.16579546,0.5879499,-0.23733582
1.2208799,1.2168847,1.0004951,0.42151767,0.7040755,-0.85755765
0.41590598,1.3903117,0.6325895,0.45220327,0.6850472,-0.23718743
0.5133444,0.8773499,1.0473602,0.2979354,0.9445946,0.1887122
1.0196284,0.99851197,0.63880146,0.40045783,0.68842024,0.56621397
0.5536708,1.5671194,0.99602336,0.20493183,0.84668887,0.90020573
0.92424643,1.5522131,1.1009319,0.41467243,0.6440024,0.07682255
0.5636772,1.4779682,0.7389106,0.21836732,0.68123287,0.6666936
0.46260428,0.9752033,0.8520887,0.43414378,0.63599193,-0.32534418
0.41583475,1.2537377,1.0326269,0.14954689,0.9200133,0.5140845
0.39655024,1.2598938,0.3278091,0.45622706,0.94530684,-0.78198963
1.2160156,0.95045733,0.35868964,0.27172393,0.69479626,-0.6539698
0.91892546,0.9579987,1.0520333,0.344709,0.5402591,-0.28299448
0.49500313,0.8404913,0.5229251,0.48910415,0.57461613,0.89276844
1.9551064,1.3035295,1.0661058,0.39508027,0.77763385,0.44096974
0.6564626,0.8420526,0.7527148,0.49440277,0.6673712,0.5294788
0.24268009,1.4949567,0.38511452,0.2791063,0.61520153,0.7830322
1.2347314,1.1322759,0.52255523,0.15779859,0.55778337,0.57941836
1.4637724,0.9252633,1.1555915,0.35708034,0.53684306,-0.31814718
0.345289,1.0649799,1.0197761,0.10513801,0.6116947,0.16614294
1.1734474,1.0034976,0.5426269,0.15003344,0.9892251,-0.08240565
0.35838702,1.1108882,0.51552993,0.24478556,0.70632327,-0.24528183
0.46116048,1.4877411,0.685063,0.38815698,0.9495833,-0.3363259
1.1168605,1.45002,0.9145105,0.465061,0.5518676,-0.9637149
1.1591473,1.5689996,0.4248093,0.31053758,0.6046274,-0.98172766
0.29676762,1.7355735,0.46859843,0.10869271,0.6389875,0.18213958
0.36697844,1.3754334,1.1423715,0.3029132,0.6480787,-0.13037793
0.19809909,1.7094653,0.5523149,0.2843666,0.6720358,-0.31852847
0.35814357,1.5395541,0.6180756,0.4016479,0.9982797,0.26648512
0.873036,1.4200959,1.1436116,0.11329593,0.5508733,-0.4824211
0.20387955,1.1790602,0.7668485,0.18417378,0.54399127,-0.17303434
0.17889123,1.051198,1.1461629,0.21264951,0.69359344,-0.48749483
0.72289175,1.6782866,0.93377817,0.10440982,0.5688729,0.003316376
0.24798061,1.712175,0.41296643,0.36222872,0.9673373,-0.60324925
0.20454836,1.4864426,1.0211087,0.28654817,0.56401676,0.56825995
1.2078813,1.3851416,0.32305038,0.26136807,0.60005575,-0.7478532
1.0624123,1.1623656,1.1659682,0.25728568,0.5838935,0.14925116
0.3909584,1.1965381,0.51862794,0.20650011,0.5836052,-0.77012664
0.48322266,1.2992445,0.33050752,0.46968123,0.65824723,-0.37267047
1.5670592,0.99740267,0.8199241,0.16015263,0.9677776,-0.36151108
0.24673241,1.1038461,0.8471681,0.13677458,0.64725584,0.6617827
0.12179593,1.1033841,0.86658204,0.4093606,0.75107116,0.96479774
1.3708918,1.5365564,0.39077067,0.34293315,0.920495,0.43995157
1.072401,1.0264603,0.56246954,0.20020016,0.64086103,-0.05587146
0.21908553,1.1799998,0.4075281,0.1717476,0.8490384,-0.87998116
0.35347646,1.3767208,0.5718548,0.11974748,0.82877517,0.3968639
1.4788249,1.019877,0.4616119,0.49415034,0.8564348,-0.48084792
0.2778079,0.80811656,0.90792036,0.167015,0.6406987,-0.18705082
1.1714066,1.6065316,0.9111092,0.3683015,0.56644195,0.21707907
0.25897157,0.8337562,0.5725792,0.17362113,0.97104925,0.99462247
0.5239985,1.4627748,0.8001865,0.1960363,0.7660545,0.4901938
0.15706486,1.0629951,0.48534712,0.12360738,0.74127907,0.10636856
0.37384173,1.6149681,0.915252,0.22555828,0.91614985,0.43119872
1.936324,1.5786662,0.91168034,0.33499414,0.85451174,-0.68469924
0.22825316,0.8362471,0.41615805,0.3908041,0.5566995,-0.23726471
1.4009528,0.81254673,0.94772553,0.2908932,0.6355195,-0.1831
0.4090481,0.9570124,0.59007883,0.46327594,0.5161203,-0.36555707
1.7591721,0.925997,0.9386929,0.17337058,0.51694953,0.8716403
0.4210058,1.4278808,0.9980941,0.33680707,0.70355314,0.16170084
1.107703,0.8419346,0.3676621,0.17691678,0.62389493,-0.94736046
0.360649,1.4822612,0.9111364,0.30698702,0.6224593,-0.30849147
1.0825218,0.94492567,0.54200006,0.15359403,0.9622883,-0.18908168
1.4640281,1.2961895,0.60426795,0.22910078,0.9208901,0.13882604
1.565049,0.8782628,0.44192785,0.43306032,0.90805054,-0.3995969
0.13501412,1.0442009,0.50281596,0.16321903,0.6559208,-0.6438242
0.6407476,1.0060681,0.97534096,0.38243458,0.60741174,0.57082826
0.44452637,1.3724326,0.91110384,0.103060834,0.57282543,0.23100588
0.15371892,1.2792493,0.8995855,0.46472898,0.65035856,-0.42168412
0.28665686,1.1715237,0.48616692,0.21112385,0.8950563,-0.23965083
0.42054987,0.9755846,0.3375191,0.19288647,0.93520516,0.46714944
0.8148769,0.97237897,0.57488966,0.14878665,0.9169416,0.30249166
0.8567784,1.2360836,0.92048955,0.23960477,0.89966285,0.21634053
1.0271641,1.3060077,0.9226507,0.21745595,0.6730725,-0.48365366
0.30456105,0.88911253,0.43581697,0.38213044,0.7060287,-0.26962337
0.741133,1.7677195,0.5269333,0.48443785,0.527002,0.22444515
0.4071321,1.0393175,0.68589765,0.46814406,0.88428414,0.69601977
0.71509975,0.98992574,0.66195625,0.26871073,0.6914707,-0.13494089
0.57197464,1.1014277,1.1882533,0.15615757,0.6458447,-0.21207622
1.5725721,0.95379335,0.55932474,0.16137558,0.6625597,-0.26461536
1.9532359,1.588567,1.1181861,0.2342728,0.84450823,0.35672578
0.30005288,1.4152961,0.5910267,0.31187648,0.69055116,0.7409388
0.46567354,0.8484869,0.8487572,0.31680346,0.5514402,-0.17887074
0.98069406,1.7133136,0.31086048,0.14099339,0.57563484,0.9105954
0.34541377,1.207184,0.6030694,0.48345628,0.57175475,0.3841865
1.162997,0.96655387,0.5685639,0.31473896,0.6782561,0.09662896
0.67123026,1.3948486,1.1485542,0.31367952,0.9106091,0.12341784
0.499481,1.3133613,1.0104003,0.24254638,0.64366865,-0.07821462
0.19913644,0.9092566,0.83816135,0.20217673,0.8051353,-0.10323921
1.6870674,1.0428885,0.41018957,0.11050071,0.783589,-0.8581118
0.22497204,1.1693867,0.4292031,0.3763225,0.60776645,0.7601504
1.3757796,1.3162136,1.1133682,0.22800533,0.99958456,-0.08466694
0.37319738,0.8213924,0.6152055,0.3392299,0.613949,-0.6328141
1.6855636,1.0810007,1.1534625,0.13308026,0.62123334,0.36818287
0.4749052,1.004785,1.054878,0.21771142,0.6405498,0.38003895
0.4168439,0.95534337,1.064441,0.26448774,0.9801852,0.07024501
1.603399,1.505406,0.4722606,0.17938748,0.97746634,-0.5299846
0.36961746,1.4553409,0.46302184,0.3355269,0.5098002,-0.47969794
0.60539764,1.1366651,0.590203,0.3552708,0.69777185,-0.41983283
0.493163,1.046583,0.8517028,0.30572346,0.58880615,-0.53530014
0.5741326,1.6789708,0.46018195,0.3679047,0.69210935,-0.24718137
1.391278,1.5707967,0.98161864,0.25800997,0.8451588,-0.3111838
0.38486606,1.5256685,1.1064727,0.46458635,0.616283,0.6492376
0.524951,1.021068,0.6424545,0.37946454,0.76131505,0.113784984
1.2279822,1.2932519,0.7881654,0.408633,0.7824603,0.4737796
0.24364953,1.01311,0.5408546,0.13644889,0.5125569,-0.8587256
0.20167592,1.7361478,0.66102296,0.46092877,0.59236455,-0.12665887
0.58976287,1.0351689,0.51051867,0.40636623,0.79490906,-0.9638219
0.17874002,1.0478553,0.4099442,0.42842537,0.8008561,-0.8483501
0.4209824,0.85870427,0.304112,0.20945674,0.52440965,0.00709932
0.6045404,1.5386472,0.44967338,0.19730659,0.61607355,0.54381794
1.1469777,0.95216507,0.5913537,0.35810548,0.959658,-0.64742804
0.44703022,1.0436527,0.81471646,0.24334869,0.9748002,-0.08762691
0.3293713,1.321823,0.67141855,0.21786653,0.8888301,-0.15182419
0.15313727,1.5343182,0.3720231,0.44922787,0.63419944,0.47899652
1.5563315,1.1513025,0.84489554,0.49223548,0.7634785,0.8207348
0.44908294,0.9744312,1.0762169,0.14850229,0.55683106,-0.9119155
0.37772375,1.0510665,0.31672493,0.34147963,0.84189016,-0.8945652
0.32072845,1.1416153,0.50834036,0.44163358,0.8291421,0.9173681
1.6376709,1.2636988,1.1491673,0.38225138,0.5919815,0.050768446
0.7112957,1.1327877,0.9699266,0.46046415,0.53071547,-0.24864087
0.24115188,1.0525544,0.4127036,0.3125256,0.8169941,-0.4996852
1.2262486,1.4859965,0.8485303,0.29650858,0.5355296,0.48038185
0.44711858,0.8882839,0.76658845,0.44218868,0.6407906,-0.31233245
1.3807397,1.7164376,1.0879424,0.18392111,0.9162427,0.060656376
1.9113694,1.7564065,0.3201368,0.17290655,0.60538936,0.32341358
1.6531699,1.5823323,1.1819575,0.493588,0.5040978,0.30370444
0.44170028,0.9110206,1.0828619,0.49136874,0.86751735,0.23562524
1.114882,1.6066855,1.1042335,0.39971074,0.839914,-0.032497678
0.62744325,0.97600806,0.9807034,0.22274117,0.8611901,-0.44948548
0.5057746,1.026836,1.0022638,0.47934836,0.9524461,0.4496871
0.38739517,0.8369233,0.5634196,0.45190573,0.92662656,0.44829345
0.9635961,1.7312752,0.35735178,0.20962968,0.94417703,-0.38497025
1.0361806,1.6742154,0.8622221,0.25292704,0.967572,-0.10994087
1.5784537,0.9409591,0.3349113,0.20273268,0.5470901,-0.16131313
0.3455637,1.0282958,0.32913306,0.26005894,0.5291213,-0.710366
1.1679173,1.2256365,0.5172636,0.2931231,0.63654727,-0.14316061
0.73623645,0.8360687,0.43185833,0.16375695,0.79882944,-0.92605036
0.6040022,1.0220249,1.1169751,0.40032247,0.6466752,-0.061700992
1.2748525,1.2994915,1.0890188,0.34453943,0.7830119,-0.58698356
0.9040972,0.8413453,0.48221087,0.11576572,0.82017815,0.07541792
0.5679907,1.1069348,0.51740766,0.29651663,0.800648,-0.70652163
0.18307203,1.1239165,0.9970903,0.39492998,0.5386624,-0.14799476
0.5284518,0.9153642,0.43457577,0.119945265,0.8792351,-0.17927167
0.5139452,1.2416244,1.195561,0.37687573,0.52753866,0.45262706
0.31140292,1.1854293,0.34877026,0.11678283,0.98813117,0.19815652
1.130502,0.9678628,0.30775392,0.31914243,0.893938,-0.48767105
0.4547676,1.0676932,1.0411108,0.36850113,0.96208096,0.51961
1.9814813,1.6313312,0.43488595,0.36815968,0.8566021,0.32430142
0.79145133,1.4384265,0.49481532,0.17498834,0.71181035,-0.28918162
0.102370426,1.346762,1.0951595,0.36310327,0.62445337,0.22399054
0.37979057,0.8794104,0.40263823,0.4534998,0.6119851,-0.5787152
1.5738022,1.1121353,0.6320105,0.47661194,0.95395446,0.83632135
1.2209561,1.2170258,1.11053,0.3171517,0.89650357,-0.3952022
0.17933677,1.5513735,1.0409467,0.20980638,0.722553,0.3861908
0.29065955,0.9788296,0.5221986,0.13463625,0.58172524,-0.24556978
0.64317954,1.4127438,0.9912167,0.40027443,0.8768613,0.2992099
0.3698598,1.4134505,0.8768747,0.2982563,0.6395876,-0.39765674
0.5554711,1.3782924,0.495263,0.39095625,0.86355793,-0.42568788
0.4600703,0.9256166,1.0579437,0.3419524,0.92129374,-0.11709343
1.0275905,1.0430393,0.6897887,0.35082424,0.97079927,0.6429765
0.50113463,1.6972907,0.4281744,0.10953658,0.91810495,-0.12602383
1.0227313,0.912424,0.6408406,0.41164947,0.8240266,0.14103973
1.3133183,0.92268085,0.80635,0.47603026,0.70893884,-0.25615475
1.3369074,0.81677705,0.6036065,0.48250046,0.7338109,0.0154097555
0.5787014,1.5785897,0.388877,0.4934882,0.6954029,-0.83781904
1.1006974,0.9271993,0.580012,0.23403573,0.69082093,0.6727085
0.540514,1.69477,0.7518724,0.47374332,0.6055124,-0.5700144
1.3904338,1.5443331,0.40711564,0.10122856,0.54870397,0.04715609
0.41231307,1.3161583,1.0177894,0.47117245,0.9410551,-0.2946953
1.815168,1.0495259,0.33659315,0.20046163,0.6980797,-0.060917165
0.20381369,1.1230826,0.4241581,0.3962944,0.7599703,-0.25470403
0.5377301,1.265874,0.44509324,0.19499081,0.5295061,0.80748785
0.4524911,1.1802323,0.89096916,0.2574514,0.5646594,-0.3266772
1.4317333,1.663176,1.1995453,0.11051546,0.6431311,0.49087328
0.16671295,1.3107315,0.5561611,0.23779361,0.86908555,-0.47307816
0.3901451,1.7886149,1.0633475,0.1783106,0.77016747,0.42002714
0.537752,0.93699604,0.9368168,0.4416595,0.9683889,-0.24867004
0.9862118,1.1177186,0.977494,0.23498458,0.5273858,-0.8899504
1.0834993,1.775422,0.94989294,0.12435433,0.5538594,0.9983036
0.7869965,1.3159047,0.30701688,0.36826423,0.51689744,-0.79176116
1.0257825,0.88762707,0.6599952,0.31226406,0.687894,-0.18703055
0.24577199,1.0762385,0.7216133,0.23919603,0.8230417,-0.93782276
1.9224534,1.2237515,0.5584223,0.17827803,0.82506114,0.5367931
0.18686584,1.0437433,0.8066971,0.38523278,0.5130669,0.23149897
0.3829377,0.9422086,0.8664163,0.26628503,0.9168007,0.5001795
0.9421418,1.2704933,0.97566295,0.45713866,0.63153464,-0.30652285
0.24469934,0.9249505,0.39584753,0.37784556,0.85890204,0.3276851
0.42394707,1.6717111,0.65830684,0.14697489,0.68789685,-0.6385501
1.1448402,1.236176,0.36591762,0.22715393,0.97820824,0.5265959
1.9639611,1.0716372,0.50406677,0.30794802,0.8775112,0.6418248
1.2862247,0.8140053,0.6691044,0.38067302,0.51243067,0.21122503
1.731349,1.7684427,0.5026938,0.3971903,0.6612824,0.14836182
0.35315287,1.4001285,0.45351136,0.4399355,0.62983,-0.37098467
0.4633991,1.4874007,0.31411874,0.31266353,0.7566185,-0.24617094
0.55363625,1.2070646,0.9503469,0.49865964,0.54054093,0.98414487
0.33717203,1.075091,0.40503678,0.47336546,0.6122935,0.20553283
0.86210936,1.6628621,0.6271122,0.27938706,0.5312184,-0.5141878
0.5774657,1.3322234,0.94823825,0.31363824,0.9483112,0.6909067
0.3934549,1.4597076,0.69808304,0.13426462,0.5770409,-0.27220964
0.79615957,1.0160402,0.9011221,0.1539203,0.6364798,0.49589962
1.921069,0.86916554,0.9412351,0.1428958,0.6642149,0.31523073
0.48307285,0.8405958,1.1264683,0.39822355,0.8596641,-0.21624428
0.5957794,1.0312129,0.9386678,0.45729318,0.9816173,0.64813644
1.348133,1.6832987,0.41616815,0.3369608,0.5986986,-0.64382493
0.40097407,1.7449338,0.38418496,0.42247975,0.68147546,-0.2627313
0.42175487,1.7684287,0.8122802,0.3763529,0.604663,-0.4737247
1.0196748,0.8120346,0.6420759,0.16001916,0.8567715,-0.07402965
0.5633392,1.052007,1.029828,0.44707185,0.5725325,-0.45929864
0.35995522,1.1523286,0.41625077,0.40496886,0.96607196,-0.050959166
0.14726979,1.1826817,0.30914882,0.16656376,0.84225833,0.32296014
0.7072245,1.0252,0.36998224,0.34728092,0.5053842,-0.040736925
0.5575409,1.2501433,1.0422322,0.2529285,0.9558693,-0.4635209
0.9294605,1.0229858,0.3466278,0.4471009,0.82999647,-0.25745964
0.3034301,1.2709733,0.30655554,0.3204859,0.92037535,0.2969854
1.4690759,1.1162243,0.7152707,0.19255757,0.52478313,0.45097828
0.68815404,1.1692767,0.5524776,0.17625839,0.5060146,-0.8274954
0.45030788,1.370072,0.41433853,0.33026248,0.7611896,-0.07099431
0.8352863,1.2400212,0.5175557,0.10242046,0.9158919,0.12537557
0.6329536,1.7475339,1.1566232,0.4761792,0.9550639,-0.65426296
0.8621488,1.4620991,0.47055587,0.22595073,0.6658135,-0.5911727
0.66514593,1.5354273,0.96891934,0.35207236,0.8976793,-0.41923985
0.44808558,1.0332799,0.8455271,0.27767435,0.55883425,-0.071994245
0.82652485,0.9248395,0.99251604,0.12725163,0.8958933,-0.3474059
0.92828804,1.3959621,0.46198273,0.1436227,0.5352254,-0.7070906
0.5474727,0.96575415,1.1941638,0.41950965,0.7408733,0.3962501
1.1714319,1.7177763,0.95041126,0.38342592,0.5133151,0.18401037
0.14977935,1.2202979,0.44766518,0.23858081,0.8816006,-0.5528516
0.726786,1.0869583,0.919485,0.14042176,0.6444148,0.18127026
0.89112073,1.2420267,0.96492434,0.20864871,0.5915724,-0.12129857
1.3678284,1.5213614,0.6405524,0.40493473,0.83096623,-0.3666186
0.44659033,1.2902958,0.489712,0.30161762,0.92832446,0.3277329
1.2014368,1.4686129,0.5801885,0.48518384,0.50317824,0.43893632
0.7260832,1.5357546,0.50688004,0.3305186,0.67331624,0.18211894
1.0129206,1.032825,0.9779902,0.19682188,0.5057732,-0.47299716
0.25147486,1.163158,1.0215275,0.13449147,0.63662094,-0.4048597
1.1522745,1.756689,0.51139945,0.36578536,0.76779336,0.054822154
0.43541956,0.8113497,0.31730542,0.27129632,0.9634936,0.30970743
0.21772993,1.0618141,0.6604311,0.30777332,0.64219403,0.34109214
0.44069657,1.4323195,1.1398082,0.47266144,0.938018,0.55268866
0.22483884,1.7226562,1.070904,0.28282022,0.8767158,0.099439695
0.6578023,1.1825038,1.0394804,0.15983164,0.67950326,0.44272438
0.19771272,1.6205238,0.6339937,0.37288728,0.717818,0.12154151
0.5082569,1.1033024,0.3836641,0.37403044,0.68799216,0.6932499
1.1509233,0.9713242,0.7716521,0.1275548,0.65846676,0.78127295
1.0622466,1.0557904,0.7948203,0.41599032,0.62131524,0.21106909
0.38279822,1.4249012,0.40502796,0.4005166,0.9390367,-0.13904867
0.33425626,0.85716045,0.7126702,0.18881147,0.6014446,-0.14159699
0.26105464,0.8842887,0.9171037,0.42316207,0.7018793,0.6452399
1.1207395,0.90789133,0.40551552,0.16142175,0.9799427,-0.47514027
1.5576775,1.0521237,0.62616116,0.47133452,0.73250014,-0.39404663
0.19038163,0.90001225,0.56272054,0.21675728,0.8547254,0.33294713
0.51334274,1.1084282,0.34467453,0.44082606,0.73899806,0.66518736
1.7547957,0.87308514,0.38980046,0.42612267,0.539733,-0.31663588
0.18780094,0.9351055,0.5073857,0.46475026,0.6643607,0.18286738
0.4009838,0.9166051,0.71308386,0.4206017,0.5166937,-0.4059413
1.0728095,1.4365004,1.1724074,0.4064617,0.51758415,-0.23385926
1.0080206,1.0488226,0.33594564,0.2711739,0.88112354,0.16319951
0.787705,1.2074986,0.8771236,0.31428382,0.5418892,0.022984233
0.43470517,0.8754896,0.4045262,0.4160938,0.876966,0.5627486
1.2883742,1.2859503,0.3396456,0.4632799,0.7956988,0.53706604
0.53770787,1.0912149,1.092097,0.4534424,0.96210265,-0.049021587
0.21871306,1.7790982,0.37128416,0.32709938,0.54186404,-0.36039183
0.6655634,0.8210628,0.89998984,0.3214599,0.87306195,0.6323785
0.14414585,1.7703432,0.3421986,0.34280142,0.5414544,-0.29010218
1.2380266,1.6030371,0.43332642,0.448824,0.5167327,0.34706393
0.5166811,1.3912686,0.54705745,0.32288048,0.54858744,-0.91771096
0.42174423,0.81144565,0.75289935,0.15672584,0.65366375,0.561844
0.25252554,1.0135077,0.53565216,0.4135644,0.55504745,-0.4030696
0.55722106,0.9740433,0.4357619,0.4631557,0.8266855,-0.49060518
0.5797077,0.9214876,0.41462988,0.17220163,0.51548696,-0.28940946
0.46136224,1.0709475,0.63736284,0.42555678,0.85806847,-0.09405926
0.15827264,0.92572606,0.9265548,0.36827484,0.9717735,-0.379149
1.0671897,0.89947724,0.6185831,0.12981704,0.5983153,-0.10337507
0.116733484,1.1484002,0.5041398,0.46864936,0.5207913,-0.3012617
0.3806928,0.8322678,0.5558328,0.4979351,0.74930775,-0.07195624
0.20741859,0.94579226,1.0409853,0.3273808,0.7781296,0.16030292
0.13370472,1.3583857,1.1143961,0.16917963,0.744608,-0.42661175
1.2987461,0.82097566,0.7790965,0.12499386,0.6034727,0.4014753
1.6301099,0.8417145,0.9631661,0.37305394,0.560674,0.20288429
0.7537133,0.9042642,0.60355204,0.375548,0.9371774,-0.9591048
0.17162618,1.275441,0.65413564,0.27492252,0.86033046,0.18367772
1.4140012,0.80489504,0.57272863,0.22894412,0.6593345,0.08164386
0.27689394,1.2647023,0.5649136,0.36938947,0.602156,-0.89875317
0.5802894,1.2578199,1.1918132,0.30783144,0.77454686,0.98969615
0.45736662,1.3525811,0.5182682,0.39918226,0.6849614,-0.69131345
0.32386047,1.08725,0.4261677,0.10373461,0.7366748,0.20672561
0.5067033,1.5460104,0.6449011,0.25777137,0.59827113,0.16774692
1.672442,1.3673165,1.1579318,0.20336345,0.7290408,-0.9965378
0.37772858,1.4072012,0.52812994,0.31681708,0.6567416,-0.3382252
1.1439474,1.0488344,0.57662284,0.43046638,0.9424956,0.36373952
1.0339911,0.90463805,0.66482204,0.47121438,0.52061206,-0.22507222
1.0313804,0.85390204,0.6728668,0.40170363,0.99574697,0.072509706
0.2037442,1.1382018,0.9663214,0.39357093,0.68576074,0.03236607
1.579826,1.6183704,0.40378857,0.21438988,0.8401086,0.26568043
0.46048665,1.7717408,0.6942693,0.47104856,0.8866927,-0.12527364
0.3692045,1.1558013,0.44905418,0.2927989,0.9218826,-0.38365233
0.45184693,1.1262748,1.1501086,0.39323136,0.55555654,-0.3071066
0.655444,1.2828704,0.38559064,0.28954494,0.97560334,-0.4187498
0.46688744,1.6281973,0.5455569,0.3220341,0.57089055,-0.713882
0.22445928,1.3635025,0.3158874,0.12798764,0.7225054,0.13997062
0.50854504,1.5461506,0.7588173,0.3082582,0.82774395,0.46514997
0.64183396,0.9395881,0.5843465,0.15733153,0.9934921,-0.14821364
0.74413806,1.2182475,0.8307476,0.20932387,0.9682382,-0.97037524
0.46947575,1.5509576,0.77444893,0.25907528,0.97469556,-0.3602714
1.2347114,1.1158874,0.58043474,0.14124337,0.9563012,-0.28183395
0.39569288,0.9999721,1.0223011,0.31356564,0.59796655,-0.26499873
1.1820475,1.7355101,0.57748,0.33619437,0.7088776,-0.22441995
0.3591075,1.1880183,0.54234177,0.2914117,0.51586586,0.23902722
0.9282614,1.46335,0.9490887,0.40208647,0.69236124,0.071417056
1.9082354,1.4396697,0.3864759,0.2860047,0.8597467,0.99367297
0.57906467,1.4803021,0.31738505,0.23371737,0.71366024,-0.29688838
0.43947607,1.6776744,0.49284402,0.24251851,0.66385615,0.8430974
0.91227037,1.4795516,0.690143,0.45129052,0.9858928,-0.24545656
0.97850764,1.3506734,0.53251886,0.36403164,0.5725422,-0.13460931
0.5793145,1.0432093,0.47263554,0.31178442,0.7075424,-0.24966171
1.6436516,1.2662587,1.0598897,0.38081536,0.97561884,-0.22633035
0.45894942,1.0280342,0.76165515,0.34615755,0.8545825,0.2318187
0.8887643,1.4151009,1.111254,0.21113096,0.90661997,-0.50620496
0.42959973,1.0221126,0.77640015,0.17195067,0.9527707,-0.7911951
1.3331094,0.88162273,0.48920053,0.38862467,0.638386,0.93520015
1.8560635,1.2922779,0.37785304,0.10891083,0.9363698,-0.5889645
0.70552045,1.776042,0.4054367,0.18146005,0.6374875,-0.0010263325
1.182647,1.5391006,0.95663774,0.29943413,0.5251149,0.7410076
0.43035668,1.2392646,0.5166184,0.31369478,0.9464873,0.40634865
0.47799054,1.0405393,0.78697294,0.3940224,0.87832886,0.013797953
0.3461716,1.5124453,0.31227174,0.39396545,0.6271373,0.23562968
1.0553753,1.0105541,0.38869348,0.20376948,0.8463869,-0.40603295
0.42495534,1.2410712,0.41022444,0.2808688,0.83705395,-0.8619844
1.2924211,1.7061971,0.37464577,0.10092983,0.9499902,0.068891525
0.85376495,1.353546,0.44697446,0.4438132,0.99200654,0.47543505
1.0322757,1.4290617,0.91271436,0.21807146,0.9549566,-0.9764109
1.1892554,1.4497241,1.1559267,0.37296307,0.920957,-0.34719446
0.51142395,0.8791118,1.0259511,0.3297294,0.67833775,0.122011915
1.5451475,0.82133573,0.6468928,0.23595893,0.5031677,-0.23592666
0.9564774,0.97808135,1.0874527,0.40094405,0.5136907,0.78155273
1.421387,1.4386864,0.8962805,0.49026445,0.78907,0.24265082
0.2916888,1.1570461,0.56519145,0.20209979,0.9083219,-0.5792846
1.4245529,1.1983739,0.7153518,0.19230029,0.5187545,-0.4621192
0.8422147,0.8715913,0.6726074,0.37618744,0.62971884,-0.11569745
0.17315434,1.1747693,0.89907604,0.43814328,0.50752664,-0.21337244
0.42054003,1.1603103,0.7800237,0.25300214,0.82516986,-0.9719166
1.9097269,1.2328094,0.34428942,0.25191617,0.6199079,-0.112965435
0.49937603,1.4550005,0.4927634,0.14220266,0.8252917,0.93185365
1.0864217,1.599238,0.540914,0.39076236,0.56505024,-0.6743873
1.0892645,0.938245,0.64993846,0.36235118,0.6100478,0.4425387
1.1534634,1.2637722,0.7567475,0.4725829,0.66584426,0.422472
1.1763825,1.2126238,1.0216427,0.16388096,0.79886746,-0.16546984
0.53966004,1.3912616,0.9901679,0.48683438,0.5745302,0.8801288
0.6676513,0.9196777,0.81961006,0.21312523,0.55405504,0.44152832
1.2415539,1.2666081,0.5318254,0.42004958,0.52046084,0.08242382
0.4624875,0.938247,0.9030755,0.2774797,0.5971585,0.4672442
1.142082,1.2554542,0.46914932,0.13360606,0.5747881,-0.7223088
1.67714,1.074216,1.1199611,0.3053654,0.86905396,0.78258985
1.5057657,0.80227286,0.37445664,0.26914108,0.6540371,-0.37922832
0.25733238,1.1380345,1.0208147,0.49676135,0.94741255,-0.47234604
1.1625618,1.565543,0.3897428,0.3354459,0.676773,-0.05756084
0.24750729,1.1732827,0.6536875,0.35939363,0.7003346,0.95226413
0.9377966,0.9900092,0.489401,0.41343722,0.53103644,-0.78498346
0.7994409,1.0138611,0.5154501,0.14403178,0.58434856,-0.029775219
1.3334547,1.6319627,0.68707335,0.1736172,0.5216431,0.1966531
0.35832614,1.4807616,0.80079955,0.3045429,0.6241271,0.6018265
1.3260617,1.1863862,0.71851295,0.4386867,0.51551723,0.12630226
0.46568534,1.3025035,0.82890093,0.11768044,0.89784926,0.10863947
0.5522462,1.0498451,0.67162365,0.39930457,0.79115933,0.2969073
0.6648174,1.0512642,1.0357533,0.49917775,0.51974463,0.5621519
0.6129313,1.0898597,0.8835194,0.29689127,0.74537265,-0.5522726
0.60008025,1.1352189,0.9880471,0.10078418,0.8740953,-0.061358586
0.12765911,1.0662374,0.59890944,0.45308417,0.76251143,-0.8783238
1.7475754,0.81068665,0.4957315,0.16935594,0.52906144,-0.06256139
0.2928847,0.8934899,0.60257155,0.2981389,0.50208133,-0.3600127
0.14600834,1.1863804,0.8908161,0.4446598,0.619293,-0.51894456
1.0903457,1.7272682,0.9989915,0.2537955,0.59222203,0.46742064
0.48829323,0.944059,0.37362888,0.27797574,0.7614398,0.32029495
0.3169256,1.2868171,0.37642545,0.2516877,0.9735886,-0.4362802
1.6850078,1.415618,0.99358165,0.3127761,0.7916816,0.21878701
0.6015199,1.6018564,0.76160616,0.45234683,0.9831482,-0.31673276
1.759326,1.1436074,0.6359039,0.3054946,0.50073165,0.6467957
0.23852025,1.0068431,0.9924544,0.20049381,0.71669877,0.37495497
0.50751793,1.7292079,0.8377345,0.24796075,0.5914757,0.99141806
0.9856977,1.0234079,0.4280159,0.20627356,0.74637073,-0.36501178
0.5883371,1.033007,0.5598808,0.366718,0.9502006,0.7153593
1.1221412,1.1685096,0.5709426,0.36654925,0.52788174,-0.33745083
0.5972426,1.1243751,0.52512914,0.15782747,0.76978016,-0.06704206
0.6092718,1.2682126,0.47408673,0.38225296,0.5469372,0.29517037
0.9290823,0.852874,0.5479061,0.337759,0.63475955,0.8800179
0.39150852,0.9594598,0.43661106,0.283958,0.5981575,0.10595837
0.22562951,1.431636,0.9251822,0.18242538,0.7550658,-0.93875873
0.8882234,0.8269341,0.91240835,0.45502415,0.6012769,-0.6748146
1.1506331,1.3983684,0.50791353,0.47511008,0.9583416,-0.0711782
1.3459725,1.2740939,0.5239194,0.4080753,0.62042034,0.22344013
1.8246754,1.1213804,0.3002351,0.15454519,0.6885107,-0.19455335
0.22721964,0.9172371,0.4233294,0.42070797,0.5573052,-0.8033553
1.1557696,1.2243272,1.1373106,0.32797116,0.5042521,0.98761326
0.80975074,1.2297322,0.59745806,0.46321768,0.6078878,-0.50390565
0.39314958,1.1030744,1.1406801,0.3959701,0.6627758,-0.63015425
0.43719053,1.7091186,1.1685646,0.2411909,0.5257925,0.529565
0.20209672,1.5212033,1.1559528,0.302046,0.57661813,0.30032372
0.22655617,1.0587223,0.4128352,0.19692186,0.60196096,-0.5044633
0.809805,1.0846467,0.8923871,0.30262834,0.56878406,0.3203242
1.1468823,1.2998399,0.89884496,0.15297687,0.7300385,-0.60080165
0.5206802,1.6746616,0.38938612,0.49377814,0.9000669,0.7482137
1.9674151,1.6799004,0.47401267,0.32447314,0.7519146,-0.8691806
0.33379224,1.574636,0.9581349,0.15212211,0.66951007,-0.75866246
0.96320415,1.1305044,0.50408125,0.26590005,0.91181874,0.90826225
0.276569,1.7800975,0.59138787,0.36224428,0.8661671,-0.2712629
0.18049571,1.1736703,0.529506,0.2986596,0.84955454,0.09985437
0.501186,1.3860552,0.49097744,0.3276653,0.8106113,-0.18076615
0.19547415,1.7689492,0.31990817,0.23619586,0.81364566,-0.56752616
0.2085913,1.1843809,0.5831475,0.20106235,0.52045363,-0.8179459
0.6381861,1.5694683,0.6639899,0.12877862,0.931803,0.052065596
1.7555196,1.6040134,0.5331275,0.24832493,0.5585036,-0.13439895
1.3013979,1.176529,0.54073155,0.12857178,0.61493975,0.3341356
0.58220166,1.6968052,0.54677814,0.3743473,0.8189076,0.6151648
0.7583103,1.2528272,0.7380145,0.10917638,0.82158,-0.9843123
0.2912746,1.0430079,0.40742514,0.2359624,0.8208942,0.76210666
0.55183846,1.7396448,0.99510705,0.3093882,0.6485228,0.18315181
1.1396506,1.0336922,0.67742175,0.39718333,0.9798919,-0.18938155
0.33787102,1.4564282,1.0625452,0.12011182,0.7945427,-0.13857792
1.8219821,1.2775036,0.4729064,0.32034913,0.8559784,0.99168456
0.5380391,0.93881464,0.92205054,0.14978252,0.75391716,0.87455577
0.11313538,1.080672,1.090559,0.3988455,0.53544635,-0.5520564
1.2190754,1.6640748,0.7909205,0.19341126,0.993569,0.636163
1.4675117,0.9201417,0.3119551,0.3635817,0.7076027,-0.8716387
1.1191643,1.6741444,0.98120856,0.32531875,0.9968777,0.39480397
0.27805847,0.91199684,1.0408379,0.3899308,0.53011376,0.81140566
0.6185783,1.4254838,0.41859728,0.14646147,0.96796227,-0.12781498
0.35020715,1.1445353,0.59858686,0.15693825,0.83077186,0.2638586
0.5016227,1.0089906,0.9867756,0.3616148,0.6252959,0.20360531
1.1054242,1.0010136,0.3457878,0.31697184,0.5367166,-0.83357704
0.28102225,1.7771755,0.48521036,0.27806106,0.62570244,-0.088687174
0.74576443,1.6640152,0.46345565,0.36814505,0.9931183,0.21721342
1.4347045,1.4443078,1.0777028,0.100019954,0.5415392,0.22072433
0.96008754,1.4538379,0.44528702,0.29875994,0.59747154,0.4190346
0.56752056,1.0919164,0.64328474,0.3412863,0.9565753,0.32419398
0.7265117,1.2555486,0.34012,0.39695704,0.91503936,-0.5651711
0.5372302,1.2381371,1.0234885,0.45090088,0.87486583,0.50646544
1.0212046,1.5688939,0.5047687,0.40678722,0.7090475,0.7251607
0.48337588,1.2959285,0.68063706,0.3616641,0.57473373,0.2885514
0.46107808,0.9407314,0.88801914,0.12204914,0.6750497,-0.17380325
1.5083499,1.531669,1.1044096,0.26075718,0.69717985,-0.85460323
1.1607805,1.6253811,0.9468794,0.37584817,0.7427758,0.41799828
0.50880826,0.8873961,0.49081978,0.49298158,0.97919047,-0.37824455
0.98081374,1.322694,1.0597903,0.25093737,0.74502975,-0.012437169
1.3294404,1.6574283,0.45054716,0.15318166,0.82184523,0.31462073
0.4965212,0.890097,0.95514345,0.14408174,0.8608459,-0.2431798
1.0430859,0.8746642,0.9844483,0.16836107,0.7189716,-0.6200667
0.903044,1.2455691,0.9842286,0.26570114,0.6800166,-0.3830327
0.95623857,0.9378449,1.1568528,0.14428833,0.5327655,-0.30673566
1.216461,0.9330653,0.7570909,0.15564439,0.9042435,-0.038536835
1.2803481,1.0299519,0.40724078,0.11798524,0.5411247,-0.11869605
0.11013436,1.3606812,0.5831218,0.37492517,0.52933925,0.029058808
1.3059177,1.3294266,1.0132879,0.39911628,0.8618798,0.2103568
0.44612655,0.9896217,1.0451229,0.22829895,0.66800904,0.16707464
0.97428906,1.2501777,0.9955385,0.38705513,0.530888,0.83333194
0.6717615,1.0546789,0.56265247,0.24642575,0.8394465,-0.15483962
1.1983929,1.2890409,0.559627,0.35388845,0.94304883,-0.21498576
0.4160845,1.1883355,0.8770912,0.40974885,0.6815757,-0.5303202
0.7129129,1.6643326,0.80955386,0.25663492,0.72308135,0.3547166
1.3051796,0.8983435,0.49426112,0.20234011,0.99615574,0.268713
0.49245384,0.87139714,0.8192965,0.4551382,0.55094033,0.5352442
0.5904021,0.9960117,0.9913667,0.15288237,0.9973502,-0.50346357
0.58365804,0.86024684,0.97551215,0.37358308,0.7935437,-0.49707446
0.13337132,1.5448472,0.41583747,0.22749093,0.6131544,0.14734368
0.42975155,1.164123,0.8312215,0.41504812,0.52496016,0.31584847
0.6502444,0.8262827,0.8495488,0.4116958,0.85849595,-0.8114593
0.42321655,1.2103076,0.6448298,0.4009673,0.5728916,0.58905905
0.5439736,1.4022495,0.36727256,0.30229086,0.76129705,-0.634519
1.2141024,1.7596817,0.5306277,0.3322609,0.80825543,0.5960295
0.47040567,1.1933234,0.865277,0.18876553,0.536216,-0.48931712
0.598688,1.3698988,0.78170073,0.32495722,0.6705945,-0.12057463
0.5597365,1.0926892,0.404749,0.40290007,0.55594844,-0.41359502
1.9059793,1.1653236,1.1574109,0.37256083,0.9652767,0.5454395
0.105484374,1.6245134,1.0668075,0.31177095,0.84603477,-0.57379323
1.1278627,1.5277996,1.1987827,0.3408064,0.5471696,-0.3936485
0.49249852,1.6316382,1.0607092,0.17481065,0.9925083,-0.20927992
0.19266403,1.2134119,0.66755795,0.3304408,0.6627441,0.33413056
0.16309866,1.2040879,0.42596668,0.12479723,0.6389732,-0.23374616
1.6972804,0.91638106,0.5439266,0.12969737,0.7455127,0.07203117
0.46139,0.9244013,0.93203247,0.335941,0.91559446,-0.8166179
0.88284636,1.5344247,0.49992633,0.2905656,0.6874438,0.49259973
1.5046163,1.3215234,0.6438186,0.27698824,0.6107976,0.8054898
1.5938628,1.4976687,0.59803,0.2915254,0.5518554,-0.38677898
0.27471918,1.3932382,0.76388353,0.265853,0.50253004,0.83496696
0.96930146,1.4904797,0.5824625,0.36121783,0.51642567,0.35529292
1.2853001,1.31205,0.34133583,0.29018018,0.91721404,0.94313097
0.45887578,0.9719264,0.5578796,0.4212527,0.8187892,-0.35762814
0.29542658,1.0551987,0.9928959,0.47133332,0.8737901,0.22380704
0.35090467,1.7415872,1.1070977,0.3131462,0.7909208,-0.08770147
1.7821896,1.2695881,0.4894628,0.21927577,0.8784427,-0.18658036
1.043551,1.7405605,0.3565092,0.31182775,0.7019748,0.78945106
0.61503386,0.98645586,0.9722477,0.16827942,0.66454506,-0.2888179
0.47064748,1.252688,0.49629974,0.16966058,0.800711,-0.86605054
0.18652263,0.9602856,1.0810354,0.21636935,0.6228024,-0.46779078
0.21974863,1.7835939,0.39850396,0.25858578,0.52941394,0.061792053
0.10799821,1.4109887,0.6153712,0.3532075,0.8214889,-0.4423875
0.4956664,1.254643,1.0407469,0.4285902,0.6915548,-0.10261963
0.46890602,1.2530557,0.3482933,0.122568674,0.7148233,-0.78128386
0.48742422,1.7969141,1.1888715,0.36423948,0.64405626,-0.8978699
0.17649753,1.1005832,0.7036484,0.38392404,0.5866227,-0.2236966
0.7006282,1.1137056,1.0788305,0.39058256,0.5899938,-0.00059716974
1.3133204,1.1117351,0.57182133,0.2570443,0.88254213,-0.35104933
0.19387464,0.8718442,0.63956475,0.34132177,0.52123386,-0.43514726
1.4610264,0.9324679,0.7455639,0.1959943,0.8262321,-0.38918188
0.39794588,1.2947843,0.3301003,0.12982833,0.8104535,-0.5034274
0.38209826,0.862068,0.62612134,0.42556208,0.7849588,0.79150075
0.5981681,0.97873956,0.6854424,0.26900098,0.60619617,0.10167265
1.1822221,0.87074184,0.5575154,0.25086656,0.9463614,0.39201006
0.788431,0.8151684,0.4901824,0.42478734,0.98496926,0.49481988
0.23237438,1.7123394,1.0207022,0.107782386,0.90817237,0.33971253
0.30766037,1.2865901,0.67779297,0.25931284,0.8680916,-0.13125919
1.7534295,1.4053074,0.5337332,0.127055,0.7086878,-0.28808114
0.5805518,1.4787282,0.9209013,0.25938034,0.5908812,-0.029060991
0.8845643,0.9827973,0.64699936,0.11689317,0.7967697,0.43046147
0.84360516,1.1348419,0.5428358,0.1211521,0.50629354,-0.8445595
1.1318699,1.623375,0.45829377,0.48441347,0.6445893,-0.14775652
1.2553952,1.0364343,1.1926401,0.3463684,0.6434248,0.2273426
1.1623392,1.1324652,0.31809232,0.40433142,0.68606114,0.48496577
0.5932261,1.464938,0.5184742,0.30351752,0.9788683,0.18885554
0.53130615,0.8557748,0.6288717,0.1915981,0.9072475,-0.64848787
1.1434286,0.94431245,1.0204695,0.1634598,0.50210387,-0.12966898
1.0346402,1.794281,0.99779713,0.3143319,0.6737247,-0.866029
0.6842813,1.5734237,0.9826854,0.49248362,0.5009258,-0.00037258255
0.23838075,1.035784,0.39506093,0.38391995,0.5824949,0.26130658
0.5695959,1.0252699,0.87917525,0.32028034,0.6188135,0.4582984
1.7982911,0.8312848,1.1571913,0.2600095,0.6733561,-0.32950103
1.2351891,1.7179791,0.776081,0.46705818,0.5582899,-0.049510263
0.2581557,0.8343344,0.39939445,0.2526608,0.92750543,-0.38610357
1.3438377,0.9206514,0.9899985,0.2204539,0.91236025,-0.27106586
0.540583,1.0187004,0.5000553,0.20381767,0.55961955,0.30912602
1.5405296,1.4116747,0.32960522,0.27042645,0.9895487,0.28291482
0.33723876,1.4605047,0.37458643,0.34470707,0.5136347,-0.7685277
0.5746564,1.0743198,1.0624167,0.2802253,0.93105084,-0.479641
0.10019638,0.98876137,1.1786746,0.30889285,0.8099122,0.054112487
1.0942888,0.97943944,1.1166584,0.2538511,0.7454423,0.11937894
1.6244445,0.93147373,0.86438614,0.12813549,0.63841075,-0.26868957
0.38796714,0.95868003,0.5841865,0.40843785,0.69023484,-0.5131314
0.48089895,1.3817085,0.46606368,0.24099168,0.5320093,-0.69676524
1.2227054,1.1196734,0.5899269,0.45854992,0.6291408,-0.4979494
0.9081014,0.8014616,0.42904842,0.21024513,0.5036503,-0.57764214
0.60146135,1.7744067,0.9088544,0.49438363,0.66316545,-0.99609953
0.49712694,1.19014,1.0852029,0.1484834,0.7219145,-0.7314728
1.138216,1.5217818,0.9007144,0.31509084,0.9342009,0.24510609
1.6364951,1.1275122,0.3143041,0.28622413,0.5543125,-0.3796481
0.26212195,1.4341908,0.6281675,0.2665459,0.5054581,-0.6271695
1.4818094,1.7212492,0.9890684,0.41618606,0.7476221,0.6730725
0.28578064,1.72224,0.75602704,0.3482655,0.67438877,-0.886938
0.33328906,1.6416969,0.6223573,0.29072776,0.76866037,-0.90469545
1.0160286,1.1948825,0.4450316,0.1558433,0.6693475,0.77938837
0.6587905,1.5346991,0.36288598,0.28787047,0.7984533,-0.08757422
0.3860359,0.8217595,0.3896175,0.19518276,0.9795424,0.6204223
1.1059284,1.308869,0.5023954,0.18359518,0.64120317,-0.010292866
0.35528895,1.6927125,0.42288136,0.28119594,0.5499876,-0.5551411
0.6518011,0.9894134,0.37569636,0.16412212,0.547987,0.61243135
0.35971117,1.7614948,0.53306955,0.14520401,0.56054145,0.18708119
1.5903103,1.1114658,1.0454599,0.20879212,0.55871,0.11466304
0.618474,1.0458676,0.6011439,0.35604897,0.5624165,-0.73170793
0.26152062,1.5022305,0.53481543,0.16865638,0.823448,0.06411611
0.5071677,0.9094686,1.1785969,0.24468094,0.5161246,-0.7630952
0.553447,0.86375505,0.34755158,0.46749935,0.8349139,-0.3403067
0.28112012,1.30353,0.6784353,0.10771435,0.5713965,0.37745664
0.45122296,1.4736615,0.6665097,0.32964432,0.7526225,0.5448847
0.48928016,0.81674826,0.44853675,0.327837,0.6991063,0.116545156
0.1487808,1.166597,0.8539152,0.41436437,0.51009274,0.5885674
0.23489946,0.84257567,1.0811079,0.18732788,0.5302013,-0.21375789
0.686531,1.6856169,0.32381293,0.15144297,0.53452533,0.5448714
0.44144535,0.8142346,0.45387325,0.25008103,0.8037311,0.56632465
1.8267275,1.0849704,0.92436254,0.4903536,0.50674474,-0.44789797
0.9775493,0.89382464,0.4303451,0.10168262,0.53633636,0.25966063
1.0252306,1.6130822,0.63146526,0.4797116,0.824119,-0.9834385
1.0394738,1.4112114,0.78372943,0.37935948,0.9121959,0.28536874
0.5113609,1.4492215,1.0934688,0.28241527,0.5569085,-0.89391553
0.23867546,0.8420715,0.38971916,0.14837344,0.95036465,-0.3497245
0.50167346,0.82873416,0.5746113,0.12874527,0.89247817,0.52107275
0.17729425,0.9582148,0.34951776,0.26063794,0.6752669,-0.5453654
0.35191315,1.1771263,0.99643344,0.26827973,0.94841534,-0.20756431
1.2707171,1.2181917,1.1470562,0.40184245,0.53883195,-0.53349715
1.0885041,0.963471,0.6638659,0.39588347,0.7122773,-0.23389879
0.22093597,0.8700702,1.1818284,0.4880471,0.6401388,-0.57686025
1.041667,1.6990824,0.34266505,0.124316074,0.68771386,-0.56731987
0.60219634,0.9331935,0.93773764,0.39259458,0.6219191,0.8636354
0.85588294,0.9567593,1.1023326,0.13310954,0.84123266,0.21138203
0.45156944,1.0057769,1.1664184,0.30731326,0.6769177,-0.094379045
0.29307824,0.8117874,0.61567706,0.43958008,0.9971988,0.4923206
1.5544434,1.0704291,0.83295405,0.11044087,0.695553,-0.5745205
0.6188463,1.5089998,0.5097109,0.10189901,0.8749764,-0.07644873
0.5979711,1.4339329,0.57168335,0.14263321,0.5787066,-0.8664863
0.17401628,0.93648976,0.35505518,0.48494712,0.6306481,0.4019691
0.48531425,1.4798766,0.33770716,0.13475588,0.5833194,0.9402726
1.0815617,1.3172752,0.5699843,0.1235483,0.5831046,0.5116451
0.66383547,0.9579393,1.0753556,0.2919164,0.7202613,-0.43314165
1.1475973,1.6017145,0.30450353,0.45241976,0.72688264,-0.6337835
1.2331344,1.133244,0.7233779,0.47048074,0.9783714,-0.0067174993
0.26561886,1.7265702,0.37924266,0.4222705,0.9987047,-0.86220247
0.5573556,1.3287098,0.9320339,0.3052481,0.5139195,0.14513667
0.4409265,1.4999189,0.54716575,0.28964612,0.9145397,-0.6269941
0.5631076,1.3842152,1.0938946,0.36313337,0.8104263,-0.22886372
0.42856488,1.2772149,1.1283975,0.31245002,0.6274795,0.3160735
0.26561666,0.8961286,0.57696486,0.20550603,0.60161614,0.031046178
0.38723788,1.0086135,1.1112955,0.30834723,0.60154057,0.27835247
0.6688444,1.3034533,0.51945394,0.3155441,0.61161697,0.3225574
0.17508475,1.4262568,0.4610726,0.36139604,0.7646509,-0.90545535
0.56301343,0.9336592,1.0438123,0.27012342,0.9525561,0.43989527
0.3482997,1.0646242,0.99372464,0.46161884,0.70484865,0.17155372
1.8536412,1.440926,0.38611203,0.47668505,0.5369286,-0.88951504
0.9246706,0.884233,0.4634344,0.33301246,0.61533576,0.16024975
0.82851976,1.3722987,0.8471991,0.171029,0.6657969,-0.79412884
0.8549526,1.0422598,0.6825423,0.30076143,0.7302273,-0.09904955
1.0971786,1.2863799,0.8197818,0.45150945,0.86059576,0.15335232
0.40259132,0.9018134,0.33007216,0.48692447,0.5152184,-0.077221885
1.005638,0.9637661,0.8189766,0.4977133,0.95709074,-0.37772426
0.47237757,1.0016634,0.40442702,0.12518968,0.6639968,-0.00651882
0.91294146,0.8963977,0.90034807,0.47460175,0.547622,0.5071738
0.52482784,0.9588315,1.1512493,0.24288039,0.53242826,-0.8425025
0.22282936,1.1542137,1.0676978,0.45349813,0.8983176,-0.11401324
0.19646068,1.1741186,0.6805953,0.27214777,0.927311,-0.32476136
1.7872503,0.9698474,0.45822084,0.418772,0.6016852,0.16306801
0.3421953,1.3804908,0.75229234,0.468209,0.71577597,0.14516567
0.32451174,0.96539813,0.47811672,0.2368782,0.91546917,0.29869816
0.6053184,1.292724,0.49027982,0.3548352,0.5256991,0.9020669
0.36155966,1.2919735,0.81229764,0.4432485,0.7800849,0.030868957
0.51655424,1.4767529,0.31370807,0.30425277,0.76829386,0.24167785
1.0411006,1.3731222,0.5679886,0.16903901,0.9593438,-0.386524
0.6451707,1.1901833,0.7010154,0.18876997,0.83198386,0.20027485
0.38006455,1.4153403,0.91602504,0.42381898,0.9684822,-0.7931263
0.7050866,0.94840324,0.89103633,0.38230357,0.5403278,-0.33031058
0.59738487,0.92842263,0.50201684,0.48130867,0.6603126,0.58349097
1.0152265,0.96295625,1.1500936,0.41995966,0.58887523,-0.42874634
1.0753492,1.1153591,0.3099885,0.4968848,0.58418906,-0.8693684
0.21817987,1.4641192,0.94707394,0.37623823,0.7787837,-0.63003844
0.30547225,0.90021926,0.39234453,0.4249495,0.84703857,-0.938995
1.1940479,0.85027194,0.30809617,0.45385507,0.77415556,0.199897
1.1329865,0.9171762,0.3856115,0.25639167,0.73571295,-0.2773338
1.6439191,1.0172137,0.34222454,0.3035331,0.5320846,0.096502826
1.6757098,1.4079163,0.8905295,0.22215405,0.9403121,-0.41678855
0.23078862,0.9731218,0.4286068,0.11111407,0.9963712,0.14828162
0.44133377,0.8456252,0.6026014,0.14184374,0.7965354,-0.13924643
1.4214778,1.0918376,0.61541307,0.32934907,0.96403104,0.4944796
0.7040603,0.90212387,0.60744286,0.4196494,0.55607533,-0.57843864
0.47334486,1.3188584,0.52164024,0.36795565,0.9236793,-0.2292319
1.2905664,0.9030679,1.0387335,0.3355115,0.61633366,-0.56114024
0.40026322,1.6160905,0.91505384,0.39048922,0.9978473,-0.70773584
0.54763657,1.4702734,0.4561171,0.30660328,0.65085816,-0.5610959
1.0734688,1.2130474,0.76241624,0.12993044,0.88172245,-0.07465544
1.2387168,0.89340657,0.7060793,0.25725526,0.7100148,0.1680175
0.56301135,1.7516636,0.5070982,0.25325254,0.8147876,0.03996754
1.1646043,0.8831981,0.5343342,0.25052872,0.91397476,-0.38113263
1.083422,0.9022744,1.1707072,0.4083645,0.8040891,0.24041647
0.7001335,1.1496643,0.5221844,0.15664577,0.6349968,0.00020016091
0.48801714,1.73224,0.90934837,0.35804263,0.6077083,0.20715809
1.7885615,0.9617133,0.40992194,0.4467792,0.7298824,0.16894986
1.6300266,1.4039398,0.8056167,0.29481563,0.68131596,-0.5144528
0.4785723,1.188582,0.56606144,0.27638802,0.8994766,0.38754925
0.95076585,0.90214264,1.0291334,0.23273884,0.84865063,0.60986847
0.26698804,1.1020873,0.6769057,0.3585283,0.5309832,0.31312847
1.0775491,1.2694298,0.32900143,0.20230147,0.8751545,-0.19590059
0.51788473,0.97400445,1.0640147,0.3909583,0.83618283,0.001979209
0.7135535,1.4199998,0.3852951,0.3397258,0.5435025,0.22576469
1.3064828,0.8232989,1.0624671,0.37236685,0.7982395,-0.52424717
0.33089355,1.0500675,0.6103939,0.1766079,0.98593295,0.40196216
0.49269757,0.9163622,0.53791106,0.104673214,0.6197955,-0.6087125
0.14529312,1.3573804,0.4327792,0.24750334,0.78287846,0.15835959
1.4277554,1.1860602,1.0775723,0.39831102,0.8646959,0.65181637
0.79444367,0.93013257,1.0877602,0.13827667,0.5808261,-0.51714575
1.3292363,1.3924509,0.95776796,0.44284838,0.83370566,0.5487152
0.14016683,0.94310826,0.96187526,0.43668124,0.6114179,-0.3149651
0.32368246,1.0531191,0.839136,0.1603269,0.5691794,-0.5340076
1.1450977,0.8380239,0.73592216,0.24351439,0.50676525,-0.17969386
1.3641182,0.9444691,0.3232577,0.20667976,0.56831187,0.15522197
0.7451334,1.3145208,0.67164284,0.12290009,0.6844641,0.056295585
1.2304,0.8268877,0.8091767,0.30722755,0.584177,0.9272471
1.1446354,1.281824,0.55441743,0.46604943,0.8389245,0.42335194
